CREATE USER shop IDENTIFIED BY a123
DEFAULT TABLESPACE USERS
TEMPORARY TABLESPACE TEMP;

GRANT CONNECT,RESOURCE,UNLIMITED TABLESPACE TO shop;

DROP TABLE BOARDS PURGE;
DROP TABLE ORDERS PURGE;
DROP TABLE PRODUCT PURGE;
DROP TABLE MEMBER PURGE;

CREATE TABLE MEMBER (
	USERID VARCHAR2(20),
	USERPWD VARCHAR2(20),
	USERNAME VARCHAR2(20),
	USERGENDER VARCHAR2(20),
	USERBIRTH DATE,
	ADDRESS1 VARCHAR2(50),
	ADDRESS2 VARCHAR2(50),
	ADDRESS3 VARCHAR2(50),
	ADDRESS4 VARCHAR2(50),
	USEREMAIL VARCHAR2(50),
	USERTEL CHAR(11),
	CONSTRAINT PK_MEMBER_USERID PRIMARY KEY (USERID));

CREATE TABLE PRODUCT (
	PRODUCTNUM NUMBER(10),
	PRODUCTNAME VARCHAR2(50),
	PRODUCTPRICE NUMBER,
	PRODUCTCATEGORY VARCHAR2(20),
	SAVEFILENAME VARCHAR2(2000),
	ORIGINALFILENAME VARCHAR2(2000),
	PRODUCTCOLOR VARCHAR2(100),
	PRODUCTSIZE VARCHAR2(100),
	CONSTRAINT PK_PRODUCT_PRODUCTNUM PRIMARY KEY (PRODUCTNUM));
	

CREATE TABLE ORDERS (
	ORDERNUM NUMBER,
	USERID VARCHAR2(20),
	PRODUCTNUM NUMBER(10),
	ORDERQUANTITY NUMBER(5),
    ORDERCOLOR VARCHAR2(20),
    ORDERSIZE VARCHAR2(20),
	PROGRESS VARCHAR2(20),
	CONSTRAINT PK_ORDERS_ORDERNUM PRIMARY KEY (ORDERNUM),
	CONSTRAINT FK_ORDERS_USERID FOREIGN KEY (USERID) REFERENCES MEMBER(USERID),
	CONSTRAINT FK_ORDERS_PRODUCTNUM FOREIGN KEY (PRODUCTNUM) REFERENCES PRODUCT(PRODUCTNUM));

CREATE TABLE BOARDS (
	BOARDNUM NUMBER,
	USERID VARCHAR2(20),
	PRODUCTNUM NUMBER(10),
	SUBJECT VARCHAR2(100),
	CONTENT VARCHAR2(1024),
	POSTDATE DATE,
	COMMUNITY VARCHAR2(20),
	HITCOUNT NUMBER,
	CONSTRAINT PK_BOARD_BOARDNUM PRIMARY KEY (BOARDNUM),
	CONSTRAINT FK_BOARD_USERID FOREIGN KEY (USERID) REFERENCES MEMBER(USERID),
	CONSTRAINT FK_BOARD_PRODUCTNUM FOREIGN KEY (PRODUCTNUM) REFERENCES PRODUCT(PRODUCTNUM));

INSERT INTO MEMBER VALUES('asd','asd','asd','m',sysdate,'asd','asd','asd','asd','as@asd.asd','01012341234');
INSERT INTO MEMBER VALUES('qwe','qwe','qwe','m',sysdate,'asd','asd','asd','asd','as@asd.asd','01012341234');
INSERT INTO PRODUCT VALUES(1,'asd',10000,'top','173bce5481474f6b91e2a2601ca8d394.jpg','173bce5481474f6b91e2a2601ca8d394.jpg','asd','asd');
INSERT INTO PRODUCT VALUES(2,'qwe',20000,'top','64b97bf1a03ba91c6b6dd29a187a30a9.jpg','64b97bf1a03ba91c6b6dd29a187a30a9.jpg','asd','asd');
INSERT INTO ORDERS VALUES(1,'asd',1,5,'asd','asd','cartList');
INSERT INTO ORDERS VALUES(2,'qwe',2,2,'qwe','qwe','wishList');
INSERT INTO ORDERS VALUES(3,'asd',2,5,'zxc','zxc','cartList');
INSERT INTO BOARDS VALUES(1,'asd',1,'asd','asdasdasd',SYSDATE,'QnA',0);
INSERT INTO BOARDS VALUES(2,'qwe',2,'qwe','asdasdasd',SYSDATE,'notice',0);

commit;

