CREATE USER shop IDENTIFIED BY a123
DEFAULT TABLESPACE USERS
TEMPORARY TABLESPACE TEMP;

GRANT CONNECT,RESOURCE,UNLIMITED TABLESPACE TO shop;

DROP TABLE BOARDS PURGE;
DROP TABLE DELIVERY PURGE;
DROP TABLE ORDERS PURGE;
DROP TABLE PRODUCT PURGE;
DROP TABLE MEMBER PURGE;

CREATE TABLE MEMBER (
	USERID VARCHAR2(20),
	USERPWD VARCHAR2(20),
	USERNAME VARCHAR2(20),
	USERGENDER VARCHAR2(20),
	USERBIRTH DATE,
	USERADDR VARCHAR2(1000),
	USEREMAIL VARCHAR2(50),
	USERTEL CHAR(11),
	CONSTRAINT PK_MEMBER_USERID PRIMARY KEY (USERID));

CREATE TABLE PRODUCT (
	PRODUCTNUM NUMBER(10),
	PRODUCTNAME VARCHAR2(50),
	PRODUCTPRICE NUMBER,
	PRODUCTCATEGORY VARCHAR2(20),
	SAVEFILENAME VARCHAR2(2000),
	ORIGINALFILENAME VARCHAR2(2000),
	PRODUCTCOLOR VARCHAR2(100),
	PRODUCTSIZE VARCHAR2(100),
	CONSTRAINT PK_PRODUCT_PRODUCTNUM PRIMARY KEY (PRODUCTNUM));

CREATE TABLE ORDERS (
	ORDERNUM NUMBER,
	USERID VARCHAR2(20),
	PRODUCTNUM NUMBER(10),
	ORDERQUANTITY NUMBER(5),
    ORDERCOLOR VARCHAR2(20),
    ORDERSIZE VARCHAR2(20),
    UPDATEDDATE DATE,
	PROGRESS VARCHAR2(20),
	CONSTRAINT PK_ORDERS_ORDERNUM PRIMARY KEY (ORDERNUM),
	CONSTRAINT FK_ORDERS_USERID FOREIGN KEY (USERID) REFERENCES MEMBER(USERID),
	CONSTRAINT FK_ORDERS_PRODUCTNUM FOREIGN KEY (PRODUCTNUM) REFERENCES PRODUCT(PRODUCTNUM));

CREATE TABLE DELIVERY (
    DELIVERYNUM NUMBER,
    USERID VARCHAR2(20),
    ORDERNUM VARCHAR2(100),
    DELIVERYNAME VARCHAR2(20),
    DELIVERYTEL CHAR(11),
    DELIVERYADDR VARCHAR2(1000),
    DELIVERYEMAIL VARCHAR2(50),
    TOTALPRICE NUMBER,
    DELIVERYDATE DATE,
    ARRIVEDATE DATE,
    PROGRESS VARCHAR2(20),
	CONSTRAINT PK_DELIVERY_DELIVERYNUM PRIMARY KEY (DELIVERYNUM),
	CONSTRAINT FK_DELIVERY_USERID FOREIGN KEY (USERID) REFERENCES MEMBER(USERID));

CREATE TABLE BOARDS (
	BOARDNUM NUMBER,
    
	USERID VARCHAR2(20),
	PRODUCTNUM NUMBER(10),
	SUBJECT VARCHAR2(100),
	CONTENT VARCHAR2(1024),
	POSTDATE DATE,
	COMMUNITY VARCHAR2(20),
	HITCOUNT NUMBER,
	CONSTRAINT PK_BOARD_BOARDNUM PRIMARY KEY (BOARDNUM),
	CONSTRAINT FK_BOARD_USERID FOREIGN KEY (USERID) REFERENCES MEMBER(USERID),
	CONSTRAINT FK_BOARD_PRODUCTNUM FOREIGN KEY (PRODUCTNUM) REFERENCES PRODUCT(PRODUCTNUM));


INSERT INTO MEMBER VALUES('asd','asd','asdName','M',SYSDATE,'06234,¼­¿ï °­³²±¸ Å×Çì¶õ·Î 124,4Ãþ,(¿ª»ïµ¿)','asd@asd.asd','01012341234');
INSERT INTO MEMBER VALUES('qwe','qwe','qweName','M',SYSDATE,'11111,¼­¿ï ¿ª»ï,4Ãþ,(¿ª»ïµ¿)','qwe@qwe.qwe','01012341234');
INSERT INTO PRODUCT VALUES(1,'asd',10000,'top','57988870f76b16530cf26541774dc56b.jpg,8f5e9783383425af4f201e0fedb8ae9e.jpg',
                            '57988870f76b16530cf26541774dc56b.jpg,8f5e9783383425af4f201e0fedb8ae9e.jpg','red','L');
INSERT INTO PRODUCT VALUES(2,'qwe',20000,'top','80a486b82e7f26dfd48632d43f9ea8e7.jpg,d4acbb7373d136090149204d6305d2bf.jpg',
                            '80a486b82e7f26dfd48632d43f9ea8e7.jpg,d4acbb7373d136090149204d6305d2bf.jpg','red','M');
INSERT INTO PRODUCT VALUES(3,'zxc',30000,'top','97a083e98b97bf231eb081b614e312a9.jpg,f4abcc5266199d51e189638fa41405a2.jpg',
                            '97a083e98b97bf231eb081b614e312a9.jpg,f4abcc5266199d51e189638fa41405a2.jpg','red','L');
INSERT INTO ORDERS VALUES(1,'asd',1,5,'red','L',SYSDATE,'cartList');
INSERT INTO ORDERS VALUES(2,'qwe',1,5,'red','L',SYSDATE,'cartList');
INSERT INTO ORDERS VALUES(3,'asd',3,5,'red','L',SYSDATE,'cartList');
INSERT INTO ORDERS VALUES(4,'qwe',2,3,'red','L',SYSDATE,'cartList');
INSERT INTO ORDERS VALUES(5,'asd',3,7,'red','L',SYSDATE,'wishList');

commit;






